Title,Published_date,Views,Likes,Comments,CategoryId,VideoId,Channel
1 Tank vs 10 Cars!,2023-02-07,5975372,217363,4415,24,F5wMOCZHcH4,Beast Reacts
Extremely Satisfying Workers!,2023-01-26,8978895,227422,4964,24,ZGNj5lOtNnI,Beast Reacts
I Strapped A GoPro To A Fish!,2023-01-05,10128411,268265,4710,24,NigrQ9UcJy4,Beast Reacts
Most Viewed YouTube Video!,2023-01-01,8034736,426237,1105,24,0Onuvef2Ul8,Beast Reacts
Impossible Moments Caught On Camera!,2022-12-07,11677911,262392,3673,24,I4bxOuhl8TE,Beast Reacts
Most Dangerous Animals!,2022-12-01,12435372,268563,4855,24,RcTLBsXvzQk,Beast Reacts
Insane Mountain Bike Downhill!,2022-11-21,10595980,255398,3836,24,5gAAAOkqaxg,Beast Reacts
Extreme Try Not To Laugh Challenge!,2022-11-03,25240655,437001,7927,24,HR1ig6u9-6A,Beast Reacts
Most Popular TikToks!,2022-10-20,12245755,308627,5000,24,AOkNx8KAtR4,Beast Reacts
Impossible 0.00001% Odds!,2022-10-11,25097865,413095,6488,24,DvkTX-AquQo,Beast Reacts
World's Most Expensive Big Mac!,2022-10-09,30032207,1075373,6225,24,0RoQ3V26jYw,Beast Reacts
Stupid Things Billionaires Paid For!,2022-10-05,16518506,378995,6810,24,9ridm0GeHRg,Beast Reacts
Most Skilled Workers In The World!,2022-09-19,22573466,382893,7440,24,TbLm5CCAbIU,Beast Reacts
Unbelievable Places On Earth!,2022-09-12,15627500,380669,10972,24,qFYcwbu-H-s,Beast Reacts
How Ramen Noodles Are Made!,2022-09-10,18099516,827717,1741,24,OT-xDbFQ4aY,Beast Reacts
How Bubblegum Is Made!,2022-08-22,19186090,426955,8805,24,8kWrN2bgvSA,Beast Reacts
Worldu2019s Richest Youtuber!,2022-08-19,59284192,2753208,5358,24,T2nzYFz028U,Beast Reacts
100 Kids vs 1 Pro,2022-08-15,24039157,499077,7914,24,fqq9TSkSe2U,Beast Reacts
$1 Burger vs $10,000 Burger!,2022-08-02,20349873,461420,6979,24,Xzkzp2Y1t0o,Beast Reacts
Most Expensive Hotel Room!,2022-07-25,13553193,416221,27152,24,pgvBPAsDf2A,Beast Reacts
People With Amazing Talent!,2022-07-16,22644003,447378,7411,24,_t9LL1VcG3Q,Beast Reacts
Reacting To The Worldu2019s Most Satisfying Videos!,2022-07-05,24902343,464948,17113,24,T1QUEKLNPtA,Beast Reacts
Most Dangerous Stunts Ever!,2022-06-22,18146530,399245,7314,24,ZgxNvOhwNbU,Beast Reacts
Extreme Moments Before Disaster!,2022-06-14,24472873,448742,9383,24,5orcB4yyjoU,Beast Reacts
What Can You Cut With Paper?,2022-06-02,24479265,467508,7705,24,5s6iBACk-E4,Beast Reacts
Luckiest People Alive!,2022-05-27,27044375,503388,7892,24,jgyTwWtvMdE,Beast Reacts
Most Unusual Houses!,2022-05-21,18441442,420864,8975,24,IWWv3dq4Gb4,Beast Reacts
100,000 Magnetic Balls In Slow Motion!,2022-05-17,25939622,499228,8964,24,d2-BHPI8ggM,Beast Reacts
World's Largest Oreo!,2022-05-12,30688557,756632,13400,24,GjMmsEwIcl0,Beast Reacts
Weirdest Things On Amazon!,2022-05-09,24698523,704662,18878,24,wUoxbm9MUc0,Beast Reacts
Most Expensive Airplane Ticket!,2022-05-02,27503330,604347,12253,24,_iz5_DuY_II,Beast Reacts
Moments Before Disaster!,2022-04-01,42408995,616586,12253,24,CK78QUMcZL8,Beast Reacts
iPhone Vs 8000 Feet Drop!,2022-03-28,23087222,479305,9972,24,B5WUhJUog_M,Beast Reacts
World's Cutest Animals!,2022-03-24,28829325,573929,13726,24,esDlUtMQmeU,Beast Reacts
Extreme Try Not To Laugh Challenge!,2022-03-14,43933113,715496,12788,24,L4KWhKY85cY,Beast Reacts
Arm Wrestling A Bear!,2022-02-28,17456468,391472,8713,24,6-aGt23ytyI,Beast Reacts
Extremely Satisfying Workers!,2022-02-21,31841186,622700,13148,24,plTvQ1g59yM,Beast Reacts
World's Unluckiest People!,2022-02-12,31007510,537243,8610,24,GdL3bmxUNYs,Beast Reacts
How Long Does A Pencil Last?,2022-02-07,46632814,812182,25915,24,Dt-IFSvDJic,Beast Reacts
Most Extreme Collections!,2022-02-03,29338195,516406,7135,24,diwlAeVHNCI,Beast Reacts
Insane Random Acts Of Kindness!,2022-01-24,25220096,482190,8918,24,iCddOcxInWs,Beast Reacts
Most Expensive iPhone!,2022-01-10,37036887,713989,12163,24,qK_qK_UKu-Q,Beast Reacts
World's Luckiest People!,2022-01-06,58308927,837719,15417,24,zySUlGXbXvA,Beast Reacts
Steel Bar Vs Shredder!,2021-12-31,22959040,461428,7945,24,8uNEJBYGyFA,Beast Reacts
Real Vs Fake Commercials!,2021-12-28,34002780,524128,7647,24,T906mp5kYfM,Beast Reacts
Most Expensive Fails!,2021-12-24,22356181,465819,6387,24,mEKGarAbyxk,Beast Reacts
World's Fastest Workers!,2021-12-22,47599593,2761240,22766,24,Iu8ZmhRphSU,Beast Reacts
Insane Waterpark BMX!,2021-12-20,19679873,355661,7174,24,pHz9tefho28,Beast Reacts
Impossible Magic Tricks!,2021-12-17,18563057,403575,5941,24,7I0Qo9qlVlk,Beast Reacts
Lamborghini Made From Cardboard!,2021-12-13,21802960,520166,30344,24,O5xlSWOQsDA,Beast Reacts
Extreme Try Not To Laugh Challenge!,2021-12-09,35455895,723756,9425,24,Q-Kc5EfIRlk,Beast Reacts
Most Dangerous Place On Earth!,2021-12-07,27197991,545160,10204,24,e-Og20cYMv0,Beast Reacts
Rarest Pets Ever!,2021-12-04,33723566,620243,13623,24,57tOReFC968,Beast Reacts
Worldu2019s Sharpest Knife!,2021-11-29,42091207,802413,14318,24,ySXPnjStay4,Beast Reacts
World's Most Viewed TikToks!,2021-11-22,45679307,1409883,27234,24,v9WSjE3tIkg,Beast Reacts
Squid Game Without CGI!,2021-11-18,31562624,742982,14779,24,GvXEe4ucuXI,Beast Reacts
World's Deepest Pool!,2021-11-12,33312374,625341,13790,24,8F1J51GSPYY,Beast Reacts
Real Life Super Humans!,2021-11-04,24980651,511063,18763,24,_Nb_J9FMVJs,Beast Reacts
Extreme Try Not To Laugh Challenge!,2021-10-25,48603551,748351,15675,24,KvIl8mjMTsE,Beast Reacts
Insane Cake Cutting!,2021-10-13,25827222,692210,21598,24,dfJaOg3jo1M,Beast Reacts
World's Most Dangerous Jobs!,2021-10-08,33330264,696202,15762,24,OSXbYwoCc5Y,Beast Reacts
Most Heavily Guarded Homes On Earth!,2021-09-27,21098294,512866,14552,24,JBja-4mS_nM,Beast Reacts
Impossible Try Not To Laugh Challenge!,2021-09-09,26475985,628800,12188,24,b9_cx_pTaK0,Beast Reacts
Impossible 0.0000001% Odds!,2021-09-07,41796539,901332,22304,24,nowJp4hsQ7k,Beast Reacts
World's Largest Water Tunnel!,2021-09-03,18883501,499853,13268,24,GDRcCvQNY-g,Beast Reacts
Most Insane Water Parks!,2021-08-26,23489609,494411,21553,24,eKEs1KjvBPM,Beast Reacts
Most Expensive Luxury Items!,2021-08-23,40159227,699236,17790,24,PJC-oRDwwY8,Beast Reacts
Extreme Rooftop Parkour Escape!,2021-08-12,25969772,542988,36591,24,FsnvgkZsCwY,Beast Reacts
100 Days Of Building!,2021-08-05,22590593,665082,25049,24,vHfPJ1-ERIQ,Beast Reacts
Extreme Try Not To Laugh Challenge!,2021-07-29,51240950,1118965,20238,24,9jzUrudNUWo,Beast Reacts
Car Vs 1000 Nails!,2021-07-19,24497341,497635,15856,24,HjhYo55QKfQ,Beast Reacts
Longest Car Jump!,2021-07-13,17542589,458870,12958,24,qOSs7aMzrNM,Beast Reacts
Worldu2019s Most Expensive Car!,2021-07-09,34737306,876165,24857,24,hDYFFYUzxQQ,Beast Reacts
Worldu2019s Fastest Big Mac Ever Eaten,2021-07-06,52307276,934001,24422,24,vd57lL4a8Iw,Beast Reacts
Most Dangerous Tourist Destinations!,2021-07-02,43691405,765968,18104,24,0OnHP2tlTU0,Beast Reacts
Inside an Ice Cream Factory!,2021-06-28,39237387,917985,23832,24,yzbeiFEUPNQ,Beast Reacts
TikTok Try Not To Laugh Challenge!,2021-06-23,42214155,873492,17570,24,J8Oi3hMS5Zw,Beast Reacts
Insane BMX Downhill!,2021-06-13,51376245,829868,16835,24,L1ug9p8uECU,Beast Reacts
Worldu2019s Most Expensive Food!,2021-06-05,45351076,1028216,64453,24,ooqdg9Wr-mo,Beast Reacts
1000 Degree Ball vs Ice!,2021-05-28,33242734,568415,14385,24,r0HOCD3ilpY,Beast Reacts
Unbelievable Mountain Coaster!,2021-05-25,15640261,406536,10979,24,B40wUL-fN4M,Beast Reacts
Most Expensive Houses!,2021-05-21,40807042,975798,34589,24,W57EKdp3nf8,Beast Reacts
Real Flying Suit!,2021-05-17,14056470,375262,12847,24,T8J_liUBONQ,Beast Reacts
Worldu2019s Longest Skate Jump!,2021-05-15,16319118,454354,12574,24,ycI3n8M19Jk,Beast Reacts
World's Fastest Workers!,2021-05-11,53320237,950525,20606,24,Rw7qsAoJs3g,Beast Reacts
Worldu2019s Most Insane Roller Coaster!,2021-05-07,21387614,540987,29137,24,pnnbsciy1yI,Beast Reacts
Forging A Katana From Rusted Chain!,2021-05-03,36357888,595092,17890,24,T_7X9Inu11I,Beast Reacts
Worldu2019s Largest Lighter!,2021-04-30,28703082,539695,14716,24,pmUgsc48WXA,Beast Reacts
Hydraulic Press vs 1000 Sheets Of Paper,2021-04-28,34576338,718245,17284,24,ZRjgy6RAupY,Beast Reacts
Worldu2019s Largest Elephant Toothpaste!,2021-04-23,25615864,667346,27820,24,srvctbwq_cw,Beast Reacts
Insane Parkour Escape!,2021-04-19,30874428,557781,14487,24,d2k_vhqhe9g,Beast Reacts
Cycling On Ice!,2021-04-16,15017118,506185,11834,24,YQB6-F2TnAc,Beast Reacts
Jumping from 128,000 Feet!,2021-04-11,15785349,391576,10917,24,m9soynkOA0A,Beast Reacts
World's Tallest Tower!,2021-04-06,5260800,263461,12273,24,ykC7HZ1-FrQ,Beast Reacts
Insane Water Slides!,2021-04-02,28072613,657499,19797,24,0XeYtTS4zJ8,Beast Reacts
The Best 900 IQ Outplay Ever!,2021-03-29,11803150,346914,7761,20,a9DXfJC41-Q,Beast Reacts
Bowling Ball vs 600 Feet Drop!,2021-03-24,19445682,479279,13840,24,owP3zujYLWU,Beast Reacts
Water Balloons in Slow Motion!,2021-03-21,37121632,665401,20107,24,NhtPxMMOi4k,Beast Reacts
Hydro Dipping a PS4 Controller!,2020-04-12,6266249,123337,6831,24,c8OKK-UinZg,Beast Reacts
Lava vs Iphone XS!,2020-04-05,2059194,44802,1553,24,KfhSDcy-9RA,Beast Reacts
Hydraulic Press vs Bowling Ball!,2020-03-28,2312651,44622,1260,24,usJb2-oAV1M,Beast Reacts
1000 Degree Ball vs Toothpaste!,2020-03-23,6611980,127137,2866,24,ks8XDpvqfGM,Beast Reacts
Liquid Nitrogen vs Samsung!,2020-02-29,1380676,32290,1045,24,u3t0GahceIY,Beast Reacts
Hydraulic Press vs Steel Weight!,2020-02-27,7505211,140140,4638,24,RxxU3fY8bl8,Beast Reacts
Thoru2019s Hammer vs Helmet!,2020-02-22,10640980,208019,7666,24,LcygznDEc0s,Beast Reacts
iPhone 11 Vs FIREWORKS!,2020-02-06,1107035,16409,688,24,NLhHpKv9z38,Beast Reacts
Dry Ice Swimming Pool!,2020-01-29,4904360,94473,1465,24,4ljqaRtXeQM,Beast Reacts
Magma Vs Liquid Nitrogen!,2020-01-23,850500,13529,507,24,zAGnb5N0jBU,Beast Reacts
Sledge Hammer vs Shredder!,2020-01-16,5909948,117295,2339,24,qjhK4o_-dFc,Beast Reacts
1,000 Degree Ball VS Frozen Water,2020-01-09,909087,15320,980,24,RDEeAor-N4o,Beast Reacts
Wolverine Claws vs Watermelon!,2020-01-02,6922333,103962,2338,24,G-W9rSXdX1Y,Beast Reacts
Best of BeastHacks! - Matchstick Edition,2019-12-28,3479509,25199,711,24,SMw8PK2Wn2I,Beast Reacts
Best of BeastHacks! - iPhone Edition,2019-12-24,3203594,35636,1538,24,VyZ6VPiKIWY,Beast Reacts
Ultimate Chainsaw vs Pepsi!,2019-12-19,938462,16508,781,24,DL45GyjCIfM,Beast Reacts
Watermelon Vs 1,000 Degree Hydraulic Press!,2019-12-12,6378197,102227,2332,24,jE4b3gQwDR0,Beast Reacts
1,000 Degree Knife vs Coca Cola,2019-12-07,2056849,36855,1675,24,NS9coJnPsaA,Beast Reacts
SAMSUNG GALAXY S10 vs INDUSTRIAL SHREDDER,2019-12-03,2178714,36501,884,24,LLT2nC2lVfM,Beast Reacts
Ultimate Coca Cola vs Mentos Experiment!,2019-11-30,4459279,81387,2337,24,XZkE5hdYZYA,Beast Reacts
Industrial Shredder VS Watermelon!,2019-11-26,2488113,26049,772,24,LyjItXepTvk,Beast Reacts
2,805 DEGREE LAVA VS Watermelon!,2019-11-22,2141938,35254,1113,24,Juiwz8LosT4,Beast Reacts
1,000 Degree Ball VS iPhone 11,2019-11-18,3286480,101560,1944,24,hI8Ep9Eze0I,Beast Reacts
Ultimate Hydraulic Squishy Ball,2019-11-12,6510593,92870,2383,24,baEwkL2zqpI,Beast Reacts
Incredible Fire Proof Lock!,2019-11-07,1493381,27439,600,24,5uhgbFn75as,Beast Reacts
LAVA vs MACBOOK PRO!,2019-11-04,11427747,205583,5688,24,uaHWNftRRCo,Beast Reacts
Crazy Super Hero Matchstick Creations,2019-11-01,8097387,119454,1830,24,qkDkc2VQKZY,Beast Reacts
1000 Degree Cleaver vs BOOM POWDER!,2019-10-16,15727181,247653,5182,24,ebTtEGY-Zq8,Beast Reacts
Incredible Watermelon Experiments,2019-10-09,1712068,30154,741,24,P1JmVdqWh44,Beast Reacts
1,000 Degree Ball vs Sponge!,2019-10-08,20902328,262969,5025,24,-aGyKfXFaSA,Beast Reacts
Dropping an iPhone 11 Pro Down a Hole,2019-10-02,4928585,98723,1680,24,KfS8hfUAP8A,Beast Reacts
LIQUID NITROGEN VS LOCK!,2019-09-30,2903873,63660,1629,24,mHKMZFL5bH4,Beast Reacts
Super Creative Matchstick Sculptures,2019-09-29,1939166,49911,1319,24,-oS-zqDAJM4,Beast Reacts
INSANE IPHONE 11 PRO DROP TEST,2019-09-27,1734014,41757,773,24,b8HrNRYMZBI,Beast Reacts
GIGANTIC DIY FIREWORK,2019-09-23,1924298,34055,808,24,Zfyk3rHRIwY,Beast Reacts
GIANT MATCH ROCKET!,2019-09-19,6118973,88137,2323,24,QJUkwZiPWc4,Beast Reacts
WORLD'S LARGEST FIRECRACKER!,2019-09-17,1183122,20523,570,24,JMIsODTA720,Beast Reacts
MENTOS VS COCA COLA UNDERWATER,2019-09-15,2645865,33735,1418,24,886f8AAm8A4,Beast Reacts
BEST HOMEMADE  EXPERIMENTS,2019-09-13,3604159,41598,1740,24,YVNbgsnfTwM,Beast Reacts
INCREDIBLE MATCHSTICK CRAFTS,2019-09-11,5666073,72082,1138,24,RlQnBSXel7g,Beast Reacts
INSANELY SATISFYING JELLO PEPSI,2019-09-09,8520217,141271,4841,24,7RhrmeT2wE4,Beast Reacts
ULTIMATE MATCHSTICK INVENTIONS,2019-09-07,3996078,55224,2231,24,9QCeyfUAOI4,Beast Reacts
INSANELY SATISFYING MAGNETIC LIQUID,2019-09-05,22464132,407450,6717,24,cDckEcFIfjE,Beast Reacts
DIY COLOR PENCIL SKATEBOARD,2019-09-03,9458345,119365,5899,24,aHIDAKF8_lE,Beast Reacts
BEST HOMEMADE MATCHES CRAFTS,2019-09-01,8603543,165545,3277,24,S-smZjhefcE,Beast Reacts
AMAZING WATERMELON EXPERIMENTS,2019-08-30,15209468,258618,12122,24,92Pv568h_i8,Beast Reacts
TESTING GIANT FIRECRACKERS!,2019-08-27,3146476,71604,1665,24,BfS1smjkGvA,Beast Reacts
AMAZING FIRE EXPERIMENTS,2019-08-25,2203658,46331,1275,24,mEXkhurB3PQ,Beast Reacts
INSANE MATCHES ROCKET!,2019-08-23,7504947,132086,4087,24,AVnKEeGA060,Beast Reacts
BEST SATISFYING SCIENCE EXPERIEMENTS,2019-08-21,3931969,58016,1143,24,w7r-3obehrU,Beast Reacts
DIY MINI HELICOPTER!,2019-08-15,1791732,23537,1280,24,yzeM85G-0Fg,Beast Reacts
DIY COCA COLA CRAFTS!,2019-08-13,4741395,66463,1625,24,VyKkWaDwWOY,Beast Reacts
How To See Magnetic Fields,2019-08-08,2797947,62449,1695,24,_U77KHFz9dw,Beast Reacts
INCREDIBLE LAVA EXPERIMENTS,2019-08-06,2451696,29433,1242,24,MEnan5ZNOmk,Beast Reacts
INSANE MATCH STICK INVENTIONS,2019-08-03,4567561,79450,1996,24,syWfZDotPe0,Beast Reacts
TESTING FIREWORKS UNDER ICE!,2019-08-01,4546605,109958,2991,24,Sbq0jyWq_Kw,Beast Reacts
1000 DEGREE WEIGHT VS POOL,2019-07-30,6427896,204900,4181,24,6NzQwvn6BM0,Beast Reacts
STRETCH ARMSTRONG LAVA EXPERIMENTS,2019-07-28,3896654,75361,2483,24,G54-7cJQ35M,Beast Reacts
MAKING POPCORN WITH A MOTORCYCLE EXHAUST,2019-07-26,2334561,47063,1237,24,7mUW659Qr78,Beast Reacts
THEY MADE A COCA COLA TIRE!,2019-07-24,3963102,91788,2266,24,8AmvHzUO1NE,Beast Reacts
EPIC WATERMELON LIFE HACKS!,2019-07-21,5183353,155275,2191,24,sJ40pJMfCrM,Beast Reacts
INSANE EGG EXPERIMENTS,2019-07-19,5306588,102888,2951,24,ub7Kig19Gxs,Beast Reacts
REAL LAVA vs WATERMELON - EXPERIMENT,2019-07-17,2206806,61202,1415,24,FrHlCifAsC4,Beast Reacts
POURING COCA COLA IN A MOTORCYCLE EXHAUST,2019-07-14,3671778,58016,1542,24,1zn92UVxMwY,Beast Reacts
Mr.Beast Live Stream,2019-07-11,0,61,0,24,9idw7CDNdKk,Beast Reacts
CRAZY Watermelon Coca Cola Tricks!,2019-07-10,2322019,33217,1230,24,LXj4-QsoMr4,Beast Reacts
SUPER RICH GUY SHREDDING MONEY,2019-07-07,1711620,42343,2061,24,-e50GdGhaJY,Beast Reacts
INSANE COCA COLA TRICK,2019-07-05,4205787,52789,5336,24,yeQxRn8jJnc,Beast Reacts
INSANE Stretch Armstrong Experiments!,2019-07-03,14822792,268952,13223,24,KN4kEpL4Dz8,Beast Reacts
LAVA vs Industrial Equipment,2019-06-30,3241209,85367,3317,24,qVL1F1eFhW0,Beast Reacts
CRAZY Unexpected Nutella Life Hacks!,2019-06-26,4773348,110161,2643,24,BG9Imv5LtPg,Beast Reacts
INSANE 500,000 MATCHES CANNON!,2019-06-22,1687765,33007,1377,24,XgypGXAkDOk,Beast Reacts
BOWLING BALL VS INDUSTRIAL SHREDDER,2019-06-20,4175254,63380,2066,24,Are4A7VaZ28,Beast Reacts
INSANE DIY Coke Bottle Life Hacks,2019-06-18,1907652,27535,1582,24,CNSVhfA9r60,Beast Reacts
They Made A PLASMA LAUNCHER!,2019-06-16,4836192,104262,3857,24,q0Lg9SCwmNU,Beast Reacts
Amazing Simple Electric Train,2019-06-14,5315263,68683,2197,24,RUuAeqS85E8,Beast Reacts
How Gallium Transforms Aluminium,2019-06-11,5753710,109622,3230,24,UXXCLV5Bad8,Beast Reacts
10 CRAZY DRILL LIFE HACKS,2019-06-08,2615262,45461,2034,24,QZvfKIvYPCM,Beast Reacts
WATERMELON VS 2,000 RUBBER BANDS,2019-06-06,2085720,99482,2377,24,DASj398vGMM,Beast Reacts
Will 20,000 Gumballs flush?,2019-05-22,1698374,23650,1441,24,JYXLaKKir_4,Beast Reacts
I Put a Tooth In Coca Cola For 24 Hours,2019-05-18,864997,16510,994,24,5KjV2nii6Tc,Beast Reacts
Amazing science experiments with magnets,2019-05-15,1559985,22834,1062,24,lTtWIRh2i7w,Beast Reacts
LIQUID NITROGEN vs BATTERY SMASHED,2019-05-11,1082804,20542,1148,24,ZKkIxZO23lk,Beast Reacts
Will 20,000 GUMBALLS BLEND?,2019-05-04,1379471,24373,1106,24,s3OTJgDlJec,Beast Reacts
Amazing life hacks tested,2019-03-28,2092163,20638,1034,26,r-OLGfvEmGk,Beast Reacts
WORLD'S MOST SATISFYING KINETIC SAND!,2019-03-26,1872811,25878,2003,26,eWKSrbWo6uw,Beast Reacts
DIY Homemade Bottle Launcher,2019-03-24,1828595,22585,1044,26,SvkLcOjum7g,Beast Reacts
3 Amazing DIY Magic Illusions!,2019-03-22,739920,12030,621,26,UdQ1zILODec,Beast Reacts
Amazing Magnet Experiments,2019-03-18,1098829,13816,1173,26,1X80GHDLL7w,Beast Reacts
MICROWAVING ALUMINIUM FOIL,2019-03-16,577775,11654,1121,26,gxhH0n8vzeI,Beast Reacts
SUPER POWERFUL FIREWORK VS LOCK,2019-03-14,751769,10315,806,26,pCkJpxNv6l4,Beast Reacts
COCA COLA VS DRILL POWERED CHAINSAW,2019-03-12,1070355,12556,1148,26,ZBrxRN_7G0Q,Beast Reacts
GAS TORCH vs GUMMY BEAR,2019-03-10,795527,10272,1066,26,Y1Ddfj3Gwmg,Beast Reacts
FIREWORK VS WATERMELON EXPERIMENT,2019-03-08,680814,12740,921,26,jbuW-jBByoU,Beast Reacts
ICE VS 3,000 DEGREE GAS TORCH,2019-03-06,1130775,17918,1221,24,5-iiNwtNt_Y,Beast Reacts
100 GIANT MATCH BUNDLES VS FIRE,2019-03-04,1064286,17821,2510,24,Gpev9C7VPpw,Beast Reacts
AWESOME FIRE EXPERIMENTS,2019-03-02,1495372,19474,1338,24,QmEzNqPWI64,Beast Reacts
10 Gallons of Liquid Nitrogen vs Watermelon,2019-02-28,1324024,21686,1300,24,gLvW1Ydsn2Q,Beast Reacts
Will 40,000 M&Ms Flush?,2019-02-26,14631534,213302,16045,24,Z0IADN0jOw8,Beast Reacts
5 CRAZY WAYS TO OPEN A LOCK,2019-02-24,1031988,15797,1255,24,OdXDoVWlDPw,Beast Reacts
#1 Most Insane Magnet Life Hack Ever,2019-02-22,8762508,321780,2671,24,fO3MoyzdQKI,Beast Reacts
MENTOS VS COCA COLA WATERMELON,2019-02-18,2557302,32545,2499,24,iM6aQr_sJAg,Beast Reacts
AXE vs LITHIUM BATTERY,2019-02-15,3456164,33743,2802,24,nPJgBkWhZnM,Beast Reacts
GAS TORCH VS PADLOCK,2019-02-13,3664100,41590,4294,24,Luo8jR940lE,Beast Reacts
Amazing science experiments,2019-02-11,4224322,37014,3008,24,F6P2Lay4Zfs,Beast Reacts
1000 DEGREE METAL BALL VS MENTOS - EXPERIMENT,2019-02-09,2221768,25812,2176,24,k3Vey3Ba4ww,Beast Reacts
WHAT CAN YOU CUT WITH PAPER?,2019-02-06,8139778,87270,4834,24,G4ZmDfLLzN4,Beast Reacts
COOL CUSTOM FIRE CROSSBOW EXPERIMENT,2019-02-04,4679325,46744,2944,24,fY123wWYbo0,Beast Reacts
LIQUID NITROGREN vs PEPSI SMASHED,2019-02-02,5212449,62939,8989,24,9KgAZsTU2U4,Beast Reacts
The Most Satisfying Glove Ever Made,2019-01-29,1287121,16101,1992,24,GlU1waMbF0Y,Beast Reacts
Microwaving Things For 10 Hours Straight,2019-01-26,4782540,59717,5447,24,us2fkdDTZss,Beast Reacts
10 CRAZY LIFE HACK EXPERIMENTS,2019-01-24,11779648,117883,6795,24,7xrhfH-quzg,Beast Reacts
PEPSI VS 3,000 DEGREE GAS TORCH,2019-01-22,1398240,25974,3412,24,jgpbPhTNrF4,Beast Reacts
AMAZING DIY DC MOTOR AIRPLANE!,2019-01-12,1800585,20351,2036,24,8mAVK2yJkDU,Beast Reacts
GIANT BLENDER VS MENTOS! - EXPERIMENT,2019-01-10,4118260,54485,2851,24,NzqONki5ojA,Beast Reacts
INSANE GIANT MATCH BOTTLE FIRE!,2019-01-03,4662434,43622,2307,24,jpF4fGIt44g,Beast Reacts
How to Make a Match House and Burn It,2018-12-28,1330679,16373,2150,24,z9ypw1gwJvA,Beast Reacts
15 AWESOME BALLOON TRICKS!,2018-12-24,1832609,142114,3417,24,bIHpdsAl_3E,Beast Reacts
10K ORBEEZ BALLOON VOLCANO!,2018-12-22,3751204,38871,3928,24,CBD_WDV1CXg,Beast Reacts
THE BEST DIY BALLOON TRICKS!,2018-12-20,1963775,23314,1873,24,GrTH94UhOzA,Beast Reacts
Crushing Super Satisfying Things By Car - DIY Crafts,2018-12-17,1015005,14524,1529,24,RW5Jb46YUKQ,Beast Reacts
1000 DEGREE METAL BALL VS ICE - EXPERIMENT,2018-12-15,13317449,201637,7127,24,UMivhfKRslQ,Beast Reacts
SUPER CHARGED ROCKET HOT WHEELS!!,2018-12-13,3497209,34984,4006,24,Jobv3ts7UHU,Beast Reacts
Awesome Fire Slingshot Experiments and Crafts,2018-12-09,1288976,15595,3416,24,u8w-Ji9DJOA,Beast Reacts
15 Amazing Crafts That You Must See,2018-12-07,1915434,17391,3123,24,OQBgnJA0Cc4,Beast Reacts
Giant Mentos Crafts & Experiments,2018-12-04,3564706,38316,2893,24,tdvchZwNNV0,Beast Reacts
Amazing Fire Crafts and Awesome Experiments,2018-12-01,3068724,24279,2098,24,32uS545r2HM,Beast Reacts
The Best Everyday DIY Life Hacks,2018-11-28,2489666,25948,2161,24,FhpBYpkJ4fw,Beast Reacts
This Amazing Life Hack Will Change Your Life,2018-11-26,2284191,30366,2393,24,EqkdC9PsnUs,Beast Reacts
Awesome Free Energy DIY Life hacks,2018-11-18,7673436,65930,4180,24,e3swpJrY7a0,Beast Reacts
Super unexpected DIY life hacks,2018-11-12,1456032,25713,2917,24,qFQjEZF8TiA,Beast Reacts
Super Satisfying Kinetic Sand DIY,2018-11-07,3664728,48172,4095,24,67MptG3oS-A,Beast Reacts
Amazing Match bottle DIY Experiments,2018-10-31,3662129,47432,2992,24,uuRfBQf1Wv4,Beast Reacts
The Best Last Minute Halloween DIY Life Hacks,2018-10-26,8484413,67619,8033,24,URMz9f4P-4c,Beast Reacts
The Best DIY Watermelon Life Hacks,2018-10-14,9722647,143830,8279,24,crp1p8G-Kos,Beast Reacts
$100 to Skydive,2023-02-03,21140929,1780374,3939,22,wWoTXm9rBzo,MrBeast 2
I Met the Real MrBeast,2023-01-18,33927853,1696686,21211,22,9uNTBYDa8q8,MrBeast 2
Water Bottle Flip Challenge,2023-01-08,24715367,1649568,3696,22,tRqLAXTVoZw,MrBeast 2
Will You Bring Me Back A Present From Santa?,2023-01-05,31489076,2082544,5144,22,lbqfjEp_XWs,MrBeast 2
$10,000 Last Man Standing Challenge,2022-12-14,4656299,326559,3108,22,0kQKIMMiObs,MrBeast 2
$50,000 Rock, Paper, Scissors Tournament,2022-12-11,4694871,210177,5751,22,W3t7RWXRSLs,MrBeast 2
Spreading u2764ufe0f in Paris!,2022-12-01,52381810,2603397,14423,22,jnyGfof7Lvs,MrBeast 2
I Opened 1,000 Packages,2022-11-18,5379138,221401,7381,22,_ljhBopSEVI,MrBeast 2
MrBeast 2 Live Stream,2022-11-18,0,33,0,22,bl-bNgiy13Q,MrBeast 2
World's Most Expensive Beast Burger,2022-11-14,27709671,1609099,3041,22,lZIlFyzeZig,MrBeast 2
Where Chocolate REALLY Comes From,2022-09-17,40412557,2014215,4072,22,UPhxU9J46Qk,MrBeast 2
People Are Running To Walmart For This...,2022-09-16,8406926,316457,14044,22,Lr9O6b6jBlc,MrBeast 2
First Person Who Buys My Chocolate Wins $10,000,2022-09-16,40133758,2490751,8589,22,Y-vLayu1NWs,MrBeast 2
Giving Strangers $10,000 If They Watch My Money,2022-09-13,52024825,3711800,10062,22,57AoEm66EZM,MrBeast 2
Would You Buy This MrBeast Mystery Box?,2022-09-10,34727374,2927234,7938,22,EniZMIlfqk0,MrBeast 2
Would You Take $1000 Or Give $10,000?,2022-09-03,19336062,1663240,6588,22,5Qb-uKhSw4Y,MrBeast 2
Does Size Matter?,2022-09-01,38114100,1871101,6286,22,Uov121gdBho,MrBeast 2
World's Most Dangerous Fruit,2022-08-23,60545481,3615395,7605,22,0nS_yE49vDI,MrBeast 2
How To Work For MrBeast,2022-08-18,8485080,507601,18389,22,ieKAhG_gdCw,MrBeast 2
I Made a Number One Hit Song,2022-08-13,22571635,1629520,5120,22,1Y1Kcfog3KU,MrBeast 2
100 Million Subscriber Livestream!,2022-07-28,10891907,670688,43208,22,er5LLR2oCmg,MrBeast 2
Click If You Like Toast,2022-07-12,15712689,963731,6438,22,PIIDWkxdcXY,MrBeast 2
Gordon Ramsay Makes Karl An Idiot Sandwich,2022-07-06,35205046,2055698,4951,22,48aPpt02360,MrBeast 2
Ryan Trahan Delivered Me A Penny,2022-07-02,17466886,1237709,4307,22,PQvsFHXmQcI,MrBeast 2
I Surprised Subscribers Inside My Gumball Machine #ShortsxMrBeast #YouTubePartner,2022-06-27,44568234,2359845,6922,22,T4MLZQkelkI,MrBeast 2
I Built A 40 Foot Tall Gumball Machine #ShortsxMrBeast #YouTubePartner,2022-06-26,14465064,791016,3852,22,1C8G1U-82F0,MrBeast 2
Cashiers When MrBeast Buys The Whole Store,2022-06-21,20187977,1228454,7919,22,-JuvzZ0I1I8,MrBeast 2
World's Best Eater vs Normal Person,2022-06-16,25858708,1625665,4856,22,kTg4kBRz3t4,MrBeast 2
#MrBeastShortsGiveaway  | I Will Fly You to VidCon,2022-05-25,11680306,638754,5614,22,kiJcFJhUTu8,MrBeast 2
Sneak Peak Of My Chocolate Factory,2022-05-23,14035461,782434,9297,22,YvPxFOwpYYg,MrBeast 2
100 Years of Youtube Videos,2022-05-22,32812760,1665893,12064,22,bE5StLgsZek,MrBeast 2
I Used A REAL Lightsaber,2022-05-20,8874025,391230,2597,22,3HjlcChckdw,MrBeast 2
Only Click This If You're Elon Musk,2022-05-18,18388740,1197658,16604,22,Nx9Odqg4Fe0,MrBeast 2
POV: You See MrBeast In Public,2022-04-22,24844722,1213380,12066,22,cK55SlddSo4,MrBeast 2
I STOLE The Bad Guys Movie,2022-04-19,22817590,891905,9227,22,AAuRnIqXjpE,MrBeast 2
POV: Youu2019re Sitting On My Lap,2022-04-18,3096293,179781,4254,22,nsbHrMXdu3o,MrBeast 2
Baby Throwing Contest,2022-04-17,6487859,340505,5013,22,sse_kKOa_4k,MrBeast 2
Bella Poarch and Mark Rober Dolls I Made,2022-04-16,6904552,267326,1755,22,7NTznJOVIy0,MrBeast 2
When You Hear About Fortnite Zero Build,2022-04-14,10172297,507497,3953,22,oFkDadO1qd0,MrBeast 2
$10,000 Every Day You Live Here,2022-04-13,7740581,409364,58664,22,7bKoK8WCMz8,MrBeast 2
MrBeast Called 911,2022-04-05,79857622,4028330,15951,22,d5Iq_0_DNiE,MrBeast 2
How NOT To Make A Sandwich,2022-03-23,18948416,1027044,7237,22,laaYk9lE0O4,MrBeast 2
I Made 100 People Try This!,2022-03-17,9890052,380520,8737,22,2nvG1d4fXQw,MrBeast 2
We Fixed The MrBeast Logo,2022-02-14,41822200,2647641,22346,22,AYMuPowoHcY,MrBeast 2
If I Catch Zach King, I Win A Lambo,2022-02-11,32846617,2162764,13502,22,s5A8cO56wuU,MrBeast 2
Entering my Villian Arc,2022-02-09,20931153,1791098,11799,22,USNQnhx1QX0,MrBeast 2
I Made A Chocolate Bar ud83cudf6b,2022-01-29,8298460,470678,7043,22,_y0-HZPxkBU,MrBeast 2
Who Will Win Creator Games 3?,2021-12-18,6637525,353095,2010,22,y_k0vsyGyzY,MrBeast 2
Selling $35 Mystery Lamborghinis,2021-11-23,6604399,336057,2983,22,Adt1X-SdsS0,MrBeast 2
Squid Game Behind The Scenes,2021-11-21,11290299,555787,6601,22,snwe2C5Dvoo,MrBeast 2
We Cleaned The Beach #shorts #unfckitchallenge #TeamSeas,2021-11-08,5501340,342967,3333,22,iqn4vWySmF0,MrBeast 2
Free Beast Burger!,2021-11-01,7892388,368708,7690,22,xJDqersQGUo,MrBeast 2
Help Us Save The Ocean,2021-10-29,5069696,419577,4826,22,DMP-uU2988Q,MrBeast 2
I'm Stuck In a Bank Vault,2021-09-28,9093799,578169,10482,22,KbYrEtuHIZ4,MrBeast 2
Weirdest Pizza Delivery,2021-09-25,14073553,719031,7124,22,ka7-lnvkHcE,MrBeast 2
POV: You Enter The Elevator,2021-09-22,37607355,1973013,13138,22,RS9jRyYFFQM,MrBeast 2
Nice,2021-09-17,9937901,631685,9858,22,3C-H-3GKmSo,MrBeast 2
When They Don't Have Chicken Nuggets,2021-09-15,36760017,2450700,23159,22,ayoqtcyNurM,MrBeast 2
We Started A Band!,2021-09-01,10063945,517427,3552,22,VdGUsA6TRAY,MrBeast 2
$10,000 If They Say The Same Word,2021-07-30,17269136,449689,3632,22,_icWbXT3iq0,MrBeast 2
Bad Day? Click Here,2021-07-27,18766211,946285,11141,22,NhkzQ2sKRLw,MrBeast 2
HAPPY BIRTHDAY KARL!,2021-07-20,17830935,879034,33744,22,ozIvIH0A3Qg,MrBeast 2
Finding The Perfect Spongebob Popsicle,2021-07-18,31097565,1159494,10549,22,6NUAfYJTb9U,MrBeast 2
Ping Pong Toss Challenge!,2021-07-14,10571740,561460,3113,22,-St6ViJcE0M,MrBeast 2
Insane Balloon Challenge!,2021-07-01,17051635,1070373,5030,22,D2Nja7c_d6k,MrBeast 2
I Filled a Room With 1000 Balloons!,2021-06-22,13362433,651104,4385,22,WRxGptfonDI,MrBeast 2
100 Pin Bowling Challenge ud83cudfb3,2021-06-20,24738957,1112297,3980,22,0VDIibxorIE,MrBeast 2
Fruit Ninja In Real Life,2021-06-08,33137378,1695293,12652,22,ZCVj0ZSd7Ps,MrBeast 2
Spending $10,000,000 In 60 Seconds,2021-06-06,6391976,393190,10086,22,YOQmn0kMVz0,MrBeast 2
World's Largest Gummy Worm,2021-05-18,16575638,726454,7211,22,_Oegfdw2Ucs,MrBeast 2
Pick A Cup,2021-05-16,14950809,623231,5621,22,rbywEE2g3Ns,MrBeast 2
$10,000 If He Rolls A 7,2021-05-12,36679321,1613084,5510,22,CC5lNpxVC64,MrBeast 2
Only Dream Can Comment On This Video,2021-05-09,48301880,2408000,0,22,gMjpG-vQkpQ,MrBeast 2
Buying All My Merch,2021-05-04,6210340,360821,7191,22,bKqVcHWhO4Q,MrBeast 2
My 50,000,000 SUBSCRIBER PLAY BUTTON!,2021-05-02,28609533,1763614,14464,22,Dgu_j0vV0rk,MrBeast 2
This Video Is 3 Seconds,2021-04-25,11021462,693194,45816,22,s-MsZo02dos,MrBeast 2
$100 For Every Chicken Nugget,2021-04-20,72838095,3107509,21293,22,BIWzS_-WaPg,MrBeast 2
Worldu2019s Largest Cup Tower,2021-04-18,46525685,2429407,17379,22,YL1mCanx2lY,MrBeast 2
All My YouTube Play Buttons,2021-04-13,45695302,2192049,24783,22,na3i6hcUo94,MrBeast 2
I Am The Worldu2019s Greatest Magician,2021-04-08,25790154,1149024,12688,22,1CTyGnUh5Qg,MrBeast 2
I Ate A $1000 Golden Cookie,2021-03-20,22511023,891558,13161,22,GDURQl8owKI,MrBeast 2
World's Best Bathroom Gaming Setup,2021-03-12,43383610,1625786,21844,22,LIu-ZIbp3jc,MrBeast 2
World's Most Expensive Water Bottle,2021-03-04,88212191,4177679,24117,22,e5nlD2LfGd0,MrBeast 2
$10,000 If He Makes This Shot,2021-02-28,38465131,1934015,9190,22,P4IPJI_j6L4,MrBeast 2
PewDiePie Comment On This Video,2021-02-25,39689836,1975308,141576,22,3cxtvDEziXU,MrBeast 2
Prank Calling Dream,2021-02-19,57450085,2703643,27802,22,LexiKXhmu54,MrBeast 2
If I Give Away $10,000 The Video Ends,2021-02-05,54184523,2863762,21190,22,Mblr3BDxEF0,MrBeast 2
I Bought Everything In A GameStop #Shorts,2021-01-30,19158789,897018,17066,22,UEJ3AFUZcdU,MrBeast 2
$100 For Every Push-up,2021-01-26,28862741,1099838,18353,22,zO3z9_OfBNw,MrBeast 2
Trapping Karl #Shorts,2020-11-17,19535740,936800,9845,22,5hdTdHuZyPY,MrBeast 2
I Threw My Recording Phone Into A Ceiling Fan,2020-11-14,11066408,511164,11456,22,fLIvOO-_Gkc,MrBeast 2
This is funny, I promise!,2020-11-13,23048187,812813,28755,22,qNEago8XQoY,MrBeast 2
I Put A Firework Under A Trashcan,2020-09-26,5209714,217819,10715,22,I3-jhBCcQso,MrBeast 2
The Funniest Joke You Will Ever Hear In Your Life,2020-09-25,8103724,422384,9821,22,L4bUyTyK46I,MrBeast 2
Giving A Random Person A Car For No Reason,2020-09-24,24576236,1424877,14821,22,I_9N3YaMT-o,MrBeast 2
I Duct Taped Chandler To A Wall,2020-09-20,24243331,1228851,11137,22,TVWcqjScBow,MrBeast 2
$10,000 Challenge,2020-09-19,46610429,2007754,10168,22,hG8lvpNx8Oc,MrBeast 2
I Am The Worldu2019s Greatest Samurai,2020-09-18,213844295,6235059,51313,22,Dx0Da_Y2fBg,MrBeast 2
I FOUND BIG FOOT IN THE WOODS!,2020-09-17,6272923,349013,8595,22,pVQRb9WmtME,MrBeast 2
Baby Throwing Contest,2020-09-16,10882985,455745,19929,22,8Vw38cG0kHI,MrBeast 2
I Filled A Swimming Pool With Money!,2020-09-15,17542589,1137832,28271,22,bmKI7hBhny8,MrBeast 2
Guess the Number and Win $1,000,000 #Shorts,2020-09-14,24157637,1048085,16498,22,TEF49hVvDy4,MrBeast 2
Watch Out!,2020-09-13,44239766,1746245,18814,22,Gcvaa289etA,MrBeast 2
I've Never Blinked In My Life,2020-09-12,45425894,1760050,50806,22,WS979NH49Kc,MrBeast 2
Launching a $40,000 Firework!,2020-09-11,7674265,439338,11308,22,wdznN3-h_5Y,MrBeast 2
Unlimited Money Machine,2020-08-24,42839802,1926980,26430,22,h-EL3eeSZeU,MrBeast 2
How To Never Lose Rock Paper Scissors Again!,2020-08-23,36083114,1555802,296780,22,RBB9GSMkLHc,MrBeast 2
World's Longest Whopper Train! LOL,2020-08-21,59006899,750590,8239,22,xdmuHe_ZDIw,MrBeast 2
Solve This Riddle For $100,000 (Step 1),2020-07-30,11654296,323174,20563,22,fZDUxJ-7Y4A,MrBeast 2
If You Build It, I'll Pay For It!,2022-12-31,20663680,670565,21638,20,RvYkeTmM1gc,MrBeast Gaming
World's Hardest Challenge!,2022-12-16,18925659,553555,23079,20,WkZHyBc3Xnc,MrBeast Gaming
100 Youtuber Minecraft Battle Royale!,2022-10-28,18453843,1011178,46065,20,rncjTx-rRVc,MrBeast Gaming
Extreme $1,000,000 Challenge!,2022-10-12,10622676,401724,11163,20,6T67I2w1G2U,MrBeast Gaming
Minecraft with Ultra Realistic Graphics!,2022-09-16,16722472,525232,12988,20,nyPcE29NNBU,MrBeast Gaming
Extreme Squid Game Challenge!,2022-08-26,13167339,501493,17139,20,FKuLIrwIjt8,MrBeast Gaming
World's Fastest Car!,2022-07-09,33413617,665237,20506,20,nopEs-K4ExM,MrBeast Gaming
100 Kills = $500,000 Challenge!,2022-06-29,11514655,391546,16848,20,qjoz-CAO3xQ,MrBeast Gaming
1000 People Simulate Civilization!,2022-06-07,18944338,648654,19002,20,mkKteoXE-X0,MrBeast Gaming
World's Largest Experiment!,2022-05-22,34796461,680625,19620,20,JeTkMdw6RK8,MrBeast Gaming
Insane $100,000 Challenge!,2022-04-24,20920075,674859,21807,20,QO7e_RiMVQg,MrBeast Gaming
$1 VS $29,000 House!,2022-03-23,30839798,915574,30064,20,1lIi1txDVzo,MrBeast Gaming
1,000 Tanks Vs Titan Enderman!,2022-03-05,56657497,1112179,52878,20,IyEBRZsLZc8,MrBeast Gaming
World's Largest Challenge!,2022-01-28,35149834,894688,25733,20,VWNdhuV6mwA,MrBeast Gaming
10 vs 1000 Player Manhunt!,2021-12-23,26662139,851404,28262,20,rdsXcS4guLQ,MrBeast Gaming
GTA Wanted Level 100!,2021-11-27,41666292,904592,20724,20,L678M0y86dw,MrBeast Gaming
100,000 Player Building Challenge!,2021-11-07,36780444,959347,38932,20,z2bcQBZyaY8,MrBeast Gaming
Blowing Up Earth!,2021-10-21,56398675,1039960,29098,20,Y3Lo33k4X44,MrBeast Gaming
$45,600 Squid Game Challenge!,2021-10-14,72399700,1729516,55888,20,s72dhTVYKtM,MrBeast Gaming
First To Raid Island Wins $100,000!,2021-10-05,13611045,510450,17201,20,t2AB05DypWk,MrBeast Gaming
Don't Open The Wrong Box!,2021-09-29,33320993,793504,20887,20,APHXbkXHdy0,MrBeast Gaming
1000 vs 1000 Player War!,2021-09-11,31849236,964772,87308,20,VQY_m3wCBCE,MrBeast Gaming
100 People Decide Who Wins $30,000!,2021-09-01,29744972,778323,21181,20,nJfVSMZzudk,MrBeast Gaming
$2 VS $16,000 Minecraft House!,2021-08-25,61906001,1764188,75047,20,IPtpwh7r0Eo,MrBeast Gaming
World's Most Overpowered Weapons!,2021-08-11,27118368,674931,34287,20,OF7SU-bm_IU,MrBeast Gaming
$1000 For Every Kill!,2021-07-25,19560627,607823,32268,20,dmNUwPxAuow,MrBeast Gaming
I Survived 100 Days Of Hardcore Minecraft!,2021-07-22,79359347,1327092,78919,20,jk6thMe6Vq8,MrBeast Gaming
Walking Across The Entire Universe!,2021-07-08,26910668,738061,29209,20,_euAXwajVis,MrBeast Gaming
1 vs 100 Player Manhunt!,2021-06-30,62754161,1118421,37388,20,dLDj2TTyMGM,MrBeast Gaming
Worldu2019s Largest Ramp!,2021-06-11,52237605,966699,37435,20,hK6A_ebUKrM,MrBeast Gaming
I Gave Away My Credit Card!,2021-06-04,25694202,752462,27974,20,WLFEKf34a5U,MrBeast Gaming
10,000 Zombies vs Mutant Wither!,2021-05-22,65518495,1148105,37780,20,0QRTAwJoXuk,MrBeast Gaming
Mining 1,000,000 Blocks Alone!,2021-05-12,53012777,1268934,40661,20,HRdyfERwQZs,MrBeast Gaming
If You Build A Lamborghini I'll Pay For It!,2021-04-26,64487696,1701256,73964,20,iSvsf27wRns,MrBeast Gaming
$10,000 For Every Diamond!,2021-04-22,57546359,1168913,28471,20,wnWbb3_U9Gc,MrBeast Gaming
1000 People Build 10 Countries!,2021-04-15,48984746,1135712,40365,20,wW8FnNghyvI,MrBeast Gaming
Worldu2019s Largest Explosion!,2021-04-07,116253657,1598359,76169,20,ABTdTTnnEU8,MrBeast Gaming
Hide And Seek Across The Earth!,2021-04-04,64678360,1403176,66879,20,Xqamnbm-ZLA,MrBeast Gaming
Giving A Random Player $50,000 If We Win!,2021-03-30,22240261,748098,40862,20,FkVuYmRdI64,MrBeast Gaming
1000 People vs 1 Infected!,2021-03-28,38786956,1452743,33910,20,eLSc9ZZ1UJI,MrBeast Gaming
Donating $100,000 To Twitch Streamers!,2021-03-25,50522663,1480273,46902,20,Z5TQBkJJlFE,MrBeast Gaming
Would You Risk $5,000 for $100,000?,2021-03-16,68010835,1379744,44411,20,2O-9RmuiXog,MrBeast Gaming
Donating $50,000 If You Beat Minecraft!,2021-03-07,40636850,1050253,35787,20,ZHxAkxGBUhc,MrBeast Gaming
I Hosted A $50,000 Talent Show!,2021-02-28,29550336,848026,36992,20,PwAMVSqP8_w,MrBeast Gaming
Minecraft But Everything is 10x Bigger!,2021-02-24,30495989,698073,31804,20,ork4qET7pV0,MrBeast Gaming
1 vs 10 Hunters in GTA!,2021-02-16,61907963,1121773,34333,20,xwdhHTtc-3w,MrBeast Gaming
I Walked Across The Earth!,2021-02-03,40806002,1103876,57475,20,OMAZB31W9nE,MrBeast Gaming
1000 Zombies vs Mutant Enderman!,2021-01-27,81907289,1459362,49988,20,SCrO3kS1upU,MrBeast Gaming
The Hardest Lava Escape!,2021-01-23,21606266,748372,29266,20,w6byBDiL5gQ,MrBeast Gaming
I Hid $100,000 On The Dream SMP!,2021-01-13,35505084,1020864,48046,20,HrY_eDbF0XQ,MrBeast Gaming
If You Build a House, I'll Pay For It!,2021-01-02,91136987,2230539,81246,20,xN8ENrfE-TY,MrBeast Gaming
I Tried The First Ever Version Of Minecraft!,2020-12-27,31814939,813869,38864,20,c9C6t_nNouY,MrBeast Gaming
Bedwars, But With 100 Players!,2020-12-24,42287489,851514,33028,20,hC3pyCvjy9E,MrBeast Gaming
Minecraft, But It's Only One Block!,2020-12-17,92862100,1064289,34076,20,jl7whFSiE0Q,MrBeast Gaming
Donating $50,000 To Streamers With 0 Viewers,2020-12-13,60564810,2582482,85509,20,ZNVlIMHS1sk,MrBeast Gaming
I Modded Among Us With 100 Zombies!,2020-12-11,33487866,710781,25693,20,gUeY3Crwpwo,MrBeast Gaming
Minecraft, But With Only 1 Heart!,2020-12-07,27570734,777337,24875,20,YaIh2sg2W-c,MrBeast Gaming
I Made a $100,000 Among Us Tournament!,2020-12-04,56922048,1255659,47034,20,qTolSU-2aXk,MrBeast Gaming
I Made 100 Players Escape An Impossible Maze!,2020-12-02,69960355,1397924,37416,20,vrUOPr9v8g4,MrBeast Gaming
I Won The Hardest Round Ever in Among US!,2020-11-29,22745335,647089,20672,20,UcCJcV7S97c,MrBeast Gaming
100 Players, But Lava Rises Every Minute!,2020-11-27,64085008,931626,36782,20,TU99gX7NGZ8,MrBeast Gaming
The Biggest Outplay Ever in 3D Among Us!,2020-11-25,17292775,504205,18383,20,WbIACyJPaH8,MrBeast Gaming
Last To Leave Circle Wins $10,000!,2020-11-21,34270211,809352,28932,20,2F0gwsOzj40,MrBeast Gaming
Minecraft, But Every Minute There's Random Chaos!,2020-11-19,47595133,784358,29412,20,D1eZybtieJM,MrBeast Gaming
I Made a $50,000 Player Building Competition!,2020-11-17,32111591,828789,39251,20,j8Cli3mEpJY,MrBeast Gaming
Among Us, But It's 3D!,2020-11-11,35383955,951631,37019,20,0yNMQzUZm8k,MrBeast Gaming
First To Defeat Hardest Boss Wins $10,000!,2020-11-09,10408099,396088,20863,20,50BpCxexUa0,MrBeast Gaming
The Craziest 8,000 IQ Among Us Outplay Ever!,2020-11-05,38944603,912800,30967,20,wc7K1sakzMs,MrBeast Gaming
Whatever You Buy, I'll Pay For!,2020-11-02,40038701,907701,27116,20,0OFwRdDeX4Y,MrBeast Gaming
Among Us But PewDiePie Goes 90,000 IQ!,2020-10-31,50234368,1095114,38810,20,FafXBaAEowM,MrBeast Gaming
Breaking As Many Laws As Possible in 1 Hour!,2020-10-28,24708109,613637,27780,20,HJpIBjFkNL4,MrBeast Gaming
Among Us But Every Winner Gets $10,000!,2020-10-23,22290007,686919,25716,20,7HV3m0nK0MM,MrBeast Gaming
I Made a $20,000 Among Us Challenge!,2020-10-21,31873494,782012,29535,20,EpDW81KxMRY,MrBeast Gaming
Win This Game & I'll Give You a Tesla!,2020-10-18,17239423,536628,30761,20,oJenjx6oIeE,MrBeast Gaming
Among Us With 100 Real Players!,2020-10-16,61951398,1260579,46813,20,-C_hRVM0_po,MrBeast Gaming
I Visited All 7 Wonders of The World!,2020-10-11,22383649,674381,657767,20,os8d6CqbiVs,MrBeast Gaming
Among Us but LazarBeam Goes 4,000 IQ!,2020-10-08,47983511,1132938,48867,20,p9a18OPYkG0,MrBeast Gaming
The Funniest Challenge in Watch Dogs: Legion!,2020-10-06,9814270,336546,17496,20,olYOijqE2og,MrBeast Gaming
I Went on a 900 IQ Rampage in Among Us!,2020-10-04,47638544,1117817,41847,20,L2GQmOYFCy4,MrBeast Gaming
The Best Rocket League Game Ever!,2020-10-02,39525480,739235,59019,20,EhHzJidkydo,MrBeast Gaming
I Made Minecraft Only 1 Block Wide!,2020-09-30,49253107,898788,49178,20,gi-63nX4BoM,MrBeast Gaming
Among Us But Dream Goes 900 IQ!,2020-09-27,68350007,1414874,42909,20,bZ12FX-m60w,MrBeast Gaming
The Worst GTA 5 Graphics!,2020-09-25,42300762,948173,89632,20,GiIVyQLCRKg,MrBeast Gaming
The Most Insane 900 IQ Among Us Outplay!,2020-09-22,76259156,1590081,50620,20,FzM1cYbL0GU,MrBeast Gaming
Can You Stop The Train in GTA 5?,2020-09-20,61985045,1463271,1906683,20,HTri8y9Ia5E,MrBeast Gaming
Make This Jump and I'll Give you $10,000!,2020-09-18,23299815,660844,24164,20,wMjO0o6iNpI,MrBeast Gaming
I Made a 100 Player Skyblock Challenge!,2020-09-16,50631863,884997,30133,20,R3t78CfkIhc,MrBeast Gaming
Minecraft, But Everything is 100x Faster!,2020-09-12,43853028,728054,30158,20,pMVahIsthtc,MrBeast Gaming
I Installed The GTA V Chaos Mod!,2020-09-09,54155001,920718,31339,20,0U4K-r1JCwM,MrBeast Gaming
I Made My Own Country In Minecraft!,2020-09-07,40757811,751800,27669,20,QjSyAnjE6Yo,MrBeast Gaming
The World's Hardest Video Game!,2020-09-04,52227819,1126485,52065,20,flgwsL1wAcE,MrBeast Gaming
The Ultimate GTA V Stunt Race!,2020-09-02,64248279,946770,32836,20,MDfWMJsK6qA,MrBeast Gaming
I Made a 100 Island Building Competition!,2020-08-31,63520882,1189147,44825,20,4xCRT_jTJg0,MrBeast Gaming
$100,000 Dream vs Technoblade Duel!,2020-08-29,36440151,1704191,462714,20,zVCs9Cug_qM,MrBeast Gaming
Can You Beat Fall Guys Without Jumping?!,2020-08-26,41178197,966036,41359,20,S54Xb0OtArE,MrBeast Gaming
Can You Survive The Massive Tsunami?,2020-08-24,38218182,909837,34721,20,5hzU10CbWy8,MrBeast Gaming
Steal It & I'll Buy You a Real Diamond!,2020-08-21,23844528,689279,34420,20,56bUgtG8Gzg,MrBeast Gaming
Extreme $20,000 Fall Guys Challenge!,2020-08-19,47637415,1040127,46054,20,y4SQtg0G-2Y,MrBeast Gaming
Minecraft, but Lava Rises Every Minute!,2020-08-17,40518519,834193,33928,20,k179PYAUn8g,MrBeast Gaming
GTA V with Ultra Realistic Graphics Mod!,2020-08-14,54477955,1121896,36743,20,VFNR-wFvOns,MrBeast Gaming
I Downloaded The World's Hardest Mod!,2020-08-11,27804829,698678,29363,20,ELS5RLbSukU,MrBeast Gaming
Raiding Servers With 10,000 People!,2020-08-08,22021843,600017,19878,20,DufkRlUzQD4,MrBeast Gaming
Whatever You Build, I'll Pay For!,2020-08-06,102694821,4905749,201013,20,QsUfsZzxi9c,MrBeast Gaming
Minecraft, But Everything is Random!,2020-08-02,85419604,1217632,47791,20,lghlkDA1gVY,MrBeast Gaming
Extreme 1:1 City Hide and Seek!,2020-07-31,26589108,573361,18369,20,toQbSRrMX9o,MrBeast Gaming
4 Hackers Vs 100 Players!,2020-07-29,23379541,591694,20427,20,xJsMA_ED2KM,MrBeast Gaming
Playing GTA 5 Without Breaking Any Laws!,2020-07-25,70803061,1255210,37035,20,nZ1rTugGIkw,MrBeast Gaming
I Got Hunted By 100 Players in Minecraft!,2020-07-22,29744890,698704,21294,20,gDMf5g8EU5g,MrBeast Gaming
$10,000 World Height Jump Challenge!,2020-07-19,49352432,962488,22172,20,Zi2j4tSZiWM,MrBeast Gaming
Playing Horrible Fortnite Clones!,2020-07-17,23890722,503370,37227,20,5zWeEJiZ45c,MrBeast Gaming
I Downloaded 1000+ Minecraft Mods!,2020-07-15,27365027,566099,26971,20,FzWZhgI600U,MrBeast Gaming
Climbing The World's Tallest Mountain!,2020-07-12,33486272,838185,32450,20,dw9DmYfACso,MrBeast Gaming
Minecraft But It's Raining Arrows!,2020-07-10,37551411,797053,27466,20,Db-rqtQw7Nw,MrBeast Gaming
First To Mine Netherite Wins $10,000!,2020-07-08,51162267,920269,26540,20,cJp8thYqiOQ,MrBeast Gaming
Building My Entire City in 24 hours!,2020-07-05,28019682,728393,27771,20,6gphsiQDjDY,MrBeast Gaming
I Made a 100 Player Building Competition!,2020-07-03,73682387,2696690,43900,20,Z9WUrOX9bKY,MrBeast Gaming
I Played Minecraft Mini Golf For $10,000!,2020-07-01,25987369,532404,13899,20,Cy_qoSWt260,MrBeast Gaming
Playing The Worst Rated Video Game!,2020-06-28,31643492,671956,20785,20,wtt-uPS_VhU,MrBeast Gaming
I Opened A Free Store In Minecraft!,2020-06-26,36858745,818771,24951,20,26rllizCA1Q,MrBeast Gaming
Best Minecraft Player vs 100 Players!,2020-06-24,52418711,1096901,47585,20,TtfjkcuomT8,MrBeast Gaming
Last to Survive Raining TNT wins $10,000 - Challenge,2020-06-21,22942784,521740,14004,20,c8kWStfQW6M,MrBeast Gaming
Epic $10,000 Prison Escape - Challenge,2020-06-19,23925218,407630,9985,20,IYrCm21WLys,MrBeast Gaming
Last to Survive Desert wins $10,000 - Challenge,2020-06-17,14652555,301701,9722,20,lIl6FKF9gEY,MrBeast Gaming
First to Raid Doomsday Bunker wins $10,000 - Challenge,2020-06-14,9373165,261467,9201,20,2hEpY3KvtCM,MrBeast Gaming
Beating Minecraft But I Explode Every Minute - Part 2,2020-06-12,12437540,298761,10535,20,MObDhVh2VGo,MrBeast Gaming
Beating Minecraft But I Explode Every Minute,2020-06-10,7845149,254540,10274,20,_oQ-S_rRAh0,MrBeast Gaming
Last to Survive Deserted Island Wins $10,000 - Challenge,2020-06-07,36448277,764345,17192,20,UcpYgnV6D-4,MrBeast Gaming
$10,000 Extreme Hide and Seek - Challenge,2020-06-05,46239239,811011,17570,20,BKgISmtk5Wg,MrBeast Gaming
First To Raid Area 51 Wins $10,000 - Challenge,2020-06-03,12212245,342071,10073,20,pKTx3sLcHLk,MrBeast Gaming
Last to Survive Abandoned City wins $10,000 - Challenge,2020-05-31,21706885,475908,15247,20,ZC5XjTEGytE,MrBeast Gaming
Last to Survive Extreme Roulette wins $10,000 - Challenge,2020-05-29,23733638,511955,14279,20,rzjP5-iNrq4,MrBeast Gaming
Last to Survive Plane Crash wins $10,000 - Challenge,2020-05-27,28188736,579112,14051,20,wnsis5vsNCU,MrBeast Gaming
Last to Survive Volcano wins $10,000 - Challenge,2020-05-24,13415063,341166,13051,20,NVLSgGqHz2o,MrBeast Gaming
$10,000 Obstacle Course - Challenge,2020-05-22,11762444,300131,8505,20,0qrXwRoyfgc,MrBeast Gaming
Last to Survive Random Blocks wins $10,000 - Challenge,2020-05-20,23886978,629241,17102,20,CSSsPVweLkc,MrBeast Gaming
Last to Survive Arena wins $10,000 - Challenge,2020-05-16,24849308,442374,12191,20,AtZbo90EL_s,MrBeast Gaming
$10,000 Bank robbery - Challenge,2020-05-14,16033043,324407,7757,20,pV15pLyGApQ,MrBeast Gaming
Last To Survive Wins $10,000 - Challenge,2020-05-12,42113719,713104,24451,22,02vn11qIn_I,MrBeast Gaming
We Saved an Orphanage,2023-01-11,5272844,353427,17319,22,NHXFQSlXNa4,Beast Philanthropy
Rebuilding Homes for Tornado Survivors,2022-12-30,5282295,316963,9872,22,BNO6DjteidM,Beast Philanthropy
We Flew Street Kids to the Soccer World Championship,2022-12-17,6501777,247241,9467,22,ko26piY7LTo,Beast Philanthropy
We Did 10,000 Random Acts of Kindness,2022-11-13,5299185,307315,11698,22,qDeeJukyuXY,Beast Philanthropy
Giving School Supplies To The Poorest Schools In America,2022-08-12,9797659,565921,25183,22,STiUV6XXG4E,Beast Philanthropy
We Built Houses for Homeless Families,2022-07-28,10862958,631688,15169,22,08wlrlPjWeE,Beast Philanthropy
We Gave $3,000,000 of Aid to Ukrainian Refugees!,2022-06-18,9716959,650997,56373,22,7gYpJotNUEs,Beast Philanthropy
We Built Wells in Africa!,2022-05-21,25795772,1425496,43284,22,aSQUg-h8G4s,Beast Philanthropy
Anything You Can Fit In The Circle I'll Donate To Charity,2022-04-08,6124635,369081,7776,22,KVKqOwN6uL0,Beast Philanthropy
We Gave Away 1 Million Meals!,2022-03-11,4120987,305501,9215,22,ASYnuZMXpxM,Beast Philanthropy
Giving Away $400,000 in Merch with Dream!,2022-02-26,8603583,490544,16613,22,wJtTRfFSnbc,Beast Philanthropy
You Changed This Family's Life!,2022-01-12,4655028,390549,11441,22,YnE8nAyu8HQ,Beast Philanthropy
Cleaning the Ocean!,2021-12-11,7156152,408612,9992,22,W19fHXDaUw4,Beast Philanthropy
I Fed 10,000 Families For Thanksgiving!,2021-11-24,6819112,509660,31471,22,ZdU3rWin0EQ,Beast Philanthropy
Helping Hurricane Survivors,2021-09-21,9391757,648893,21980,22,VcvQ02eRhM4,Beast Philanthropy
We Fed Five Cities in 30 Days!,2021-07-27,9552925,740598,26167,22,yEBK_Ayeiyc,Beast Philanthropy
Giving Away 50,000 Cookies!,2021-06-24,13897255,648911,26309,22,nl79pan4h6U,Beast Philanthropy
Giving $300,000 to Students,2021-05-06,15530461,876445,38400,22,HpVGe9EE9-0,Beast Philanthropy
Feeding a City in Need,2021-04-05,7738822,759246,37174,22,5rkMxc7yGSk,Beast Philanthropy
I Opened My Own Charity!,2021-03-26,6403210,774804,37422,22,f-empfLWbIk,Beast Philanthropy
S.T.A.L.K.E.R. Clip,2007-04-09,27459,330,522,24,Chfvwn2W6z4,MrBeast
Taru Christmas dance,2006-12-23,9697,108,60,24,A1GTlvv1mcs,MrBeast
Taru Mortal Combat,2006-08-24,30198,198,207,24,rE3X0NlQnpE,MrBeast
